{
  "RandomForest": {
    "accuracy": 0.9922,
    "weighted_f1": 0.9924,
    "inference_ms": 0.378,
    "per_class_f1": {
      "0": {
        "precision": 1.0,
        "recall": 0.9850746268656716,
        "f1-score": 0.9924812030075187,
        "support": 67.0
      },
      "1": {
        "precision": 0.9743589743589743,
        "recall": 1.0,
        "f1-score": 0.987012987012987,
        "support": 38.0
      },
      "2": {
        "precision": 1.0,
        "recall": 1.0,
        "f1-score": 1.0,
        "support": 9.0
      },
      "3": {
        "precision": 1.0,
        "recall": 1.0,
        "f1-score": 1.0,
        "support": 2.0
      },
      "4": {
        "precision": 0.8,
        "recall": 1.0,
        "f1-score": 0.8888888888888888,
        "support": 4.0
      },
      "5": {
        "precision": 1.0,
        "recall": 1.0,
        "f1-score": 1.0,
        "support": 56.0
      },
      "6": {
        "precision": 1.0,
        "recall": 1.0,
        "f1-score": 1.0,
        "support": 54.0
      },
      "7": {
        "precision": 1.0,
        "recall": 0.9166666666666666,
        "f1-score": 0.9565217391304348,
        "support": 12.0
      },
      "8": {
        "precision": 1.0,
        "recall": 1.0,
        "f1-score": 1.0,
        "support": 15.0
      },
      "accuracy": 0.9922178988326849,
      "macro avg": {
        "precision": 0.974928774928775,
        "recall": 0.9890823659480374,
        "f1-score": 0.9805449797822033,
        "support": 257.0
      },
      "weighted avg": {
        "precision": 0.9930958794772025,
        "recall": 0.9922178988326849,
        "f1-score": 0.9923601188059067,
        "support": 257.0
      }
    },
    "confusion_matrix": [
      [
        66,
        0,
        0,
        0,
        1,
        0,
        0,
        0,
        0
      ],
      [
        0,
        38,
        0,
        0,
        0,
        0,
        0,
        0,
        0
      ],
      [
        0,
        0,
        9,
        0,
        0,
        0,
        0,
        0,
        0
      ],
      [
        0,
        0,
        0,
        2,
        0,
        0,
        0,
        0,
        0
      ],
      [
        0,
        0,
        0,
        0,
        4,
        0,
        0,
        0,
        0
      ],
      [
        0,
        0,
        0,
        0,
        0,
        56,
        0,
        0,
        0
      ],
      [
        0,
        0,
        0,
        0,
        0,
        0,
        54,
        0,
        0
      ],
      [
        0,
        1,
        0,
        0,
        0,
        0,
        0,
        11,
        0
      ],
      [
        0,
        0,
        0,
        0,
        0,
        0,
        0,
        0,
        15
      ]
    ]
  },
  "KNN": {
    "accuracy": 0.7237,
    "weighted_f1": 0.7259,
    "inference_ms": 0.264,
    "per_class_f1": {
      "0": {
        "precision": 0.8923076923076924,
        "recall": 0.8656716417910447,
        "f1-score": 0.8787878787878788,
        "support": 67.0
      },
      "1": {
        "precision": 0.6097560975609756,
        "recall": 0.6578947368421053,
        "f1-score": 0.6329113924050633,
        "support": 38.0
      },
      "2": {
        "precision": 0.4,
        "recall": 0.6666666666666666,
        "f1-score": 0.5,
        "support": 9.0
      },
      "3": {
        "precision": 0.5,
        "recall": 1.0,
        "f1-score": 0.6666666666666666,
        "support": 2.0
      },
      "4": {
        "precision": 0.5,
        "recall": 0.75,
        "f1-score": 0.6,
        "support": 4.0
      },
      "5": {
        "precision": 0.6041666666666666,
        "recall": 0.5178571428571429,
        "f1-score": 0.5576923076923077,
        "support": 56.0
      },
      "6": {
        "precision": 0.9019607843137255,
        "recall": 0.8518518518518519,
        "f1-score": 0.8761904761904762,
        "support": 54.0
      },
      "7": {
        "precision": 0.6,
        "recall": 0.5,
        "f1-score": 0.5454545454545454,
        "support": 12.0
      },
      "8": {
        "precision": 0.6470588235294118,
        "recall": 0.7333333333333333,
        "f1-score": 0.6875,
        "support": 15.0
      },
      "accuracy": 0.7237354085603113,
      "macro avg": {
        "precision": 0.6283611182642747,
        "recall": 0.727030597038016,
        "f1-score": 0.6605781407996597,
        "support": 257.0
      },
      "weighted avg": {
        "precision": 0.7354102923390978,
        "recall": 0.7237354085603113,
        "f1-score": 0.7259368234008681,
        "support": 257.0
      }
    },
    "confusion_matrix": [
      [
        58,
        1,
        0,
        0,
        0,
        2,
        1,
        0,
        5
      ],
      [
        0,
        25,
        2,
        0,
        0,
        11,
        0,
        0,
        0
      ],
      [
        1,
        0,
        6,
        1,
        1,
        0,
        0,
        0,
        0
      ],
      [
        0,
        0,
        0,
        2,
        0,
        0,
        0,
        0,
        0
      ],
      [
        0,
        1,
        0,
        0,
        3,
        0,
        0,
        0,
        0
      ],
      [
        1,
        12,
        5,
        1,
        2,
        29,
        3,
        2,
        1
      ],
      [
        3,
        0,
        1,
        0,
        0,
        2,
        46,
        2,
        0
      ],
      [
        1,
        1,
        1,
        0,
        0,
        2,
        1,
        6,
        0
      ],
      [
        1,
        1,
        0,
        0,
        0,
        2,
        0,
        0,
        11
      ]
    ]
  },
  "SVM": {
    "accuracy": 0.8677,
    "weighted_f1": 0.8669,
    "inference_ms": 0.449,
    "per_class_f1": {
      "0": {
        "precision": 0.9230769230769231,
        "recall": 0.8955223880597015,
        "f1-score": 0.9090909090909091,
        "support": 67.0
      },
      "1": {
        "precision": 0.8717948717948718,
        "recall": 0.8947368421052632,
        "f1-score": 0.8831168831168831,
        "support": 38.0
      },
      "2": {
        "precision": 0.7142857142857143,
        "recall": 0.5555555555555556,
        "f1-score": 0.625,
        "support": 9.0
      },
      "3": {
        "precision": 0.6666666666666666,
        "recall": 1.0,
        "f1-score": 0.8,
        "support": 2.0
      },
      "4": {
        "precision": 1.0,
        "recall": 0.75,
        "f1-score": 0.8571428571428571,
        "support": 4.0
      },
      "5": {
        "precision": 0.8070175438596491,
        "recall": 0.8214285714285714,
        "f1-score": 0.8141592920353983,
        "support": 56.0
      },
      "6": {
        "precision": 0.9454545454545454,
        "recall": 0.9629629629629629,
        "f1-score": 0.9541284403669725,
        "support": 54.0
      },
      "7": {
        "precision": 0.8,
        "recall": 0.6666666666666666,
        "f1-score": 0.7272727272727273,
        "support": 12.0
      },
      "8": {
        "precision": 0.7222222222222222,
        "recall": 0.8666666666666667,
        "f1-score": 0.7878787878787878,
        "support": 15.0
      },
      "accuracy": 0.867704280155642,
      "macro avg": {
        "precision": 0.8278353874845102,
        "recall": 0.8237266281605987,
        "f1-score": 0.8175322107671705,
        "support": 257.0
      },
      "weighted avg": {
        "precision": 0.86932733455363,
        "recall": 0.867704280155642,
        "f1-score": 0.8668576442620904,
        "support": 257.0
      }
    },